{
   "dashboards": [{
      "autoswitchDelay": 300,
      "autoswitchEnabled": false,
      "autoswitchTabId": "null",
      "columnCount": 1,
      "columnProportion": "1",
      "creationTime": 1554712934113,
      "dashboardNavigations": {},
      "description": "",
      "disabled": false,
      "gridsterMaxColumns": 12,
      "hidden": false,
      "homeTab": false,
      "id": "5834c437-6f7c-4770-8123-97da5c600369",
      "importAttempts": 0,
      "importComplete": true,
      "isDefault": false,
      "locked": false,
      "name": "VMignite.com - Healthchecker",
      "rank": 115,
      "shared": true,
      "states": [],
      "temporary": false,
      "userId": "e5effdcf-4d21-4e37-ac1b-9aad7aa54dbe",
      "widgetInteractions": [
         {
            "type": "resourceId",
            "widgetIdProvider": "15a17787-e5a0-4c4d-932f-719cc7a94ba5",
            "widgetIdReceiver": "405e06a1-1e95-4c57-a649-ad9fdb71fe52"
         },
         {
            "type": "resourceId",
            "widgetIdProvider": "15a17787-e5a0-4c4d-932f-719cc7a94ba5",
            "widgetIdReceiver": "f1406c78-5401-4f34-8601-8701267f4798"
         },
         {
            "type": "resourceId",
            "widgetIdProvider": "15a17787-e5a0-4c4d-932f-719cc7a94ba5",
            "widgetIdReceiver": "2891fd54-f791-418d-950d-0551dd06d821"
         },
         {
            "type": "resourceId",
            "widgetIdProvider": "15a17787-e5a0-4c4d-932f-719cc7a94ba5",
            "widgetIdReceiver": "f4ae09c4-b3b0-4dcc-97db-62fb1b44eee0"
         },
         {
            "type": "resourceId",
            "widgetIdProvider": "15a17787-e5a0-4c4d-932f-719cc7a94ba5",
            "widgetIdReceiver": "adca047b-e3f3-45f4-8429-88830d8d7002"
         },
         {
            "type": "resourceId",
            "widgetIdProvider": "15a17787-e5a0-4c4d-932f-719cc7a94ba5",
            "widgetIdReceiver": "d85b55d7-3ca4-43b7-a448-f850c587bb9f"
         },
         {
            "type": "resourceId",
            "widgetIdProvider": "15a17787-e5a0-4c4d-932f-719cc7a94ba5",
            "widgetIdReceiver": "3c0c3d14-cb7f-41a7-b93c-8e34007603c9"
         },
         {
            "type": "resourceId",
            "widgetIdProvider": "15a17787-e5a0-4c4d-932f-719cc7a94ba5",
            "widgetIdReceiver": "621ca492-0e3b-469b-8e26-57a33f9f7d4e"
         },
         {
            "type": "resourceId",
            "widgetIdProvider": "15a17787-e5a0-4c4d-932f-719cc7a94ba5",
            "widgetIdReceiver": "67f42dad-84ea-4a53-96ad-3e3b46762d5c"
         },
         {
            "type": "resourceId",
            "widgetIdProvider": "15a17787-e5a0-4c4d-932f-719cc7a94ba5",
            "widgetIdReceiver": "721d44a6-07ec-4dd3-9e6a-fd8e3f3fe55d"
         },
         {
            "type": "resourceId",
            "widgetIdProvider": "15a17787-e5a0-4c4d-932f-719cc7a94ba5",
            "widgetIdReceiver": "8a1ba204-2a06-4a8d-9d6d-b79fdc9a2f37"
         },
         {
            "type": "resourceId",
            "widgetIdProvider": "15a17787-e5a0-4c4d-932f-719cc7a94ba5",
            "widgetIdReceiver": "c925cf3c-10bc-4d11-ab97-cea5cbac3ed5"
         },
         {
            "type": "resourceId",
            "widgetIdProvider": "15a17787-e5a0-4c4d-932f-719cc7a94ba5",
            "widgetIdReceiver": "731a3a87-bc64-4aca-a65d-b5e7098bafc8"
         },
         {
            "type": "resourceId",
            "widgetIdProvider": "15a17787-e5a0-4c4d-932f-719cc7a94ba5",
            "widgetIdReceiver": "b0a6c89f-3591-4699-967b-deb341ad7b63"
         },
         {
            "type": "resourceId",
            "widgetIdProvider": "15a17787-e5a0-4c4d-932f-719cc7a94ba5",
            "widgetIdReceiver": "3b41bfef-03ac-430f-b0e4-f6fc979ebbee"
         },
         {
            "type": "resourceId",
            "widgetIdProvider": "15a17787-e5a0-4c4d-932f-719cc7a94ba5",
            "widgetIdReceiver": "821b91c5-33eb-463e-9c6d-94ffc84b4186"
         },
         {
            "type": "resourceId",
            "widgetIdProvider": "15a17787-e5a0-4c4d-932f-719cc7a94ba5",
            "widgetIdReceiver": "d5f88b1c-bc10-48c9-b0c7-ff6f01a2c86a"
         },
         {
            "type": "resourceId",
            "widgetIdProvider": "15a17787-e5a0-4c4d-932f-719cc7a94ba5",
            "widgetIdReceiver": "ed0df5c8-6d84-407b-96ad-2e6349445c4e"
         },
         {
            "type": "resourceId",
            "widgetIdProvider": "15a17787-e5a0-4c4d-932f-719cc7a94ba5",
            "widgetIdReceiver": "90a56903-6c98-4200-8d58-05a77b1569af"
         },
         {
            "type": "resourceId",
            "widgetIdProvider": "15a17787-e5a0-4c4d-932f-719cc7a94ba5",
            "widgetIdReceiver": "14d61b7b-a079-4a1d-b1b9-fbf5ff835d23"
         },
         {
            "type": "resourceId",
            "widgetIdProvider": "15a17787-e5a0-4c4d-932f-719cc7a94ba5",
            "widgetIdReceiver": "f7050247-a434-46fb-be97-cf3fe99a1dfe"
         },
         {
            "type": "resourceId",
            "widgetIdProvider": "f7050247-a434-46fb-be97-cf3fe99a1dfe",
            "widgetIdReceiver": "8523cbb7-cf1a-46c4-9689-62771fb27aa3"
         },
         {
            "type": "resourceId",
            "widgetIdProvider": "f7050247-a434-46fb-be97-cf3fe99a1dfe",
            "widgetIdReceiver": "5224674b-df88-4166-8bd5-c2b71ac00b22"
         },
         {
            "type": "resourceId",
            "widgetIdProvider": "f7050247-a434-46fb-be97-cf3fe99a1dfe",
            "widgetIdReceiver": "d5d30aa5-c736-4c77-9717-d36c02c15696"
         },
         {
            "type": "resourceId",
            "widgetIdProvider": "f7050247-a434-46fb-be97-cf3fe99a1dfe",
            "widgetIdReceiver": "b3763c1e-fce0-45e6-8fec-b802613708ec"
         },
         {
            "type": "resourceId",
            "widgetIdProvider": "f7050247-a434-46fb-be97-cf3fe99a1dfe",
            "widgetIdReceiver": "932768c3-f1f8-4a09-a70f-169a336244a9"
         },
         {
            "type": "resourceId",
            "widgetIdProvider": "f7050247-a434-46fb-be97-cf3fe99a1dfe",
            "widgetIdReceiver": "0551259b-d24f-4cb3-863e-36c4a85f797b"
         },
         {
            "type": "resourceId",
            "widgetIdProvider": "f7050247-a434-46fb-be97-cf3fe99a1dfe",
            "widgetIdReceiver": "2a0106aa-2a25-485d-93af-0b61f736e8a0"
         },
         {
            "type": "resourceId",
            "widgetIdProvider": "f7050247-a434-46fb-be97-cf3fe99a1dfe",
            "widgetIdReceiver": "227c8bc9-ac9c-43e4-9ad1-d0a3a4cc5478"
         },
         {
            "type": "resourceId",
            "widgetIdProvider": "f7050247-a434-46fb-be97-cf3fe99a1dfe",
            "widgetIdReceiver": "2a5eb8fc-b3ed-454b-9640-710c138ff984"
         },
         {
            "type": "resourceId",
            "widgetIdProvider": "f7050247-a434-46fb-be97-cf3fe99a1dfe",
            "widgetIdReceiver": "8ae8d831-313b-460e-bd61-ee0ad289754a"
         },
         {
            "type": "resourceId",
            "widgetIdProvider": "f7050247-a434-46fb-be97-cf3fe99a1dfe",
            "widgetIdReceiver": "77c93ccd-ac88-4561-a904-f462e60c1943"
         },
         {
            "type": "resourceId",
            "widgetIdProvider": "f7050247-a434-46fb-be97-cf3fe99a1dfe",
            "widgetIdReceiver": "1147fec8-d606-471f-a8cf-374d5b009c8d"
         },
         {
            "type": "resourceId",
            "widgetIdProvider": "15a17787-e5a0-4c4d-932f-719cc7a94ba5",
            "widgetIdReceiver": "b6cf8b57-0c8a-41ba-a7f4-8d62d87c2cb1"
         },
         {
            "type": "resourceId",
            "widgetIdProvider": "f7050247-a434-46fb-be97-cf3fe99a1dfe",
            "widgetIdReceiver": "f2b4540a-4913-4eda-b520-3a9e2e03b68e"
         },
         {
            "type": "resourceId",
            "widgetIdProvider": "f7050247-a434-46fb-be97-cf3fe99a1dfe",
            "widgetIdReceiver": "88b0d250-0dd8-40e3-9530-7b06947f2c52"
         },
         {
            "type": "resourceId",
            "widgetIdProvider": "f7050247-a434-46fb-be97-cf3fe99a1dfe",
            "widgetIdReceiver": "20d0c5bc-daec-4484-a2e6-15a358cc0ff1"
         },
         {
            "type": "resourceId",
            "widgetIdProvider": "15a17787-e5a0-4c4d-932f-719cc7a94ba5",
            "widgetIdReceiver": "e97c763a-de28-46c0-9dd2-b2fd554cce76"
         }
      ],
      "widgets": [
         {
            "collapsed": false,
            "config": {
               "chartViewItems": [],
               "refreshContent": {"refreshContent": true},
               "refreshInterval": 300,
               "resource": null,
               "selectFirstRow": {"selectFirstRow": false},
               "selfProvider": {"selfProvider": false},
               "title": "VM CPU Contention > 10%",
               "traversalSpecId": "",
               "viewDefinitionId": "59587d22-c95d-4cba-9210-971967cd7956"
            },
            "gridsterCoords": {
               "h": 5,
               "w": 4,
               "x": 5,
               "y": 12
            },
            "height": 267,
            "id": "405e06a1-1e95-4c57-a649-ad9fdb71fe52",
            "title": "VM CPU Contention > 10%",
            "type": "View"
         },
         {
            "collapsed": false,
            "config": {
               "chartViewItems": [],
               "refreshContent": {"refreshContent": false},
               "refreshInterval": 300,
               "resource": null,
               "selectFirstRow": {"selectFirstRow": false},
               "selfProvider": {"selfProvider": false},
               "title": "VM  Memory Limits (Expect None)",
               "traversalSpecId": "",
               "viewDefinitionId": "02aa3b7d-3b27-4d5a-a061-6ca9c4d644bc"
            },
            "gridsterCoords": {
               "h": 5,
               "w": 4,
               "x": 5,
               "y": 36
            },
            "height": 267,
            "id": "3b41bfef-03ac-430f-b0e4-f6fc979ebbee",
            "title": "VM  Memory Limits (Expect None)",
            "type": "View"
         },
         {
            "collapsed": false,
            "config": {
               "chartViewItems": [],
               "refreshContent": {"refreshContent": false},
               "refreshInterval": 300,
               "resource": null,
               "selectFirstRow": {"selectFirstRow": false},
               "selfProvider": {"selfProvider": false},
               "title": "VM Snapshots",
               "traversalSpecId": "",
               "viewDefinitionId": "129b5d6e-404e-4064-b21f-6364c8d9e6c3"
            },
            "gridsterCoords": {
               "h": 5,
               "w": 4,
               "x": 9,
               "y": 29
            },
            "height": 267,
            "id": "8a1ba204-2a06-4a8d-9d6d-b79fdc9a2f37",
            "states": [{
               "key": "perm_toolbarVisible_widget_5834c437-6f7c-4770-8123-97da5c600369_8a1ba204-2a06-4a8d-9d6d-b79fdc9a2f37",
               "value": "b%3A1"
            }],
            "title": "VM Snapshots",
            "type": "View"
         },
         {
            "collapsed": false,
            "config": {
               "chartViewItems": [],
               "refreshContent": {"refreshContent": true},
               "refreshInterval": 300,
               "resource": null,
               "selectFirstRow": {"selectFirstRow": false},
               "selfProvider": {"selfProvider": false},
               "title": "VM CPU Demand > 80 %",
               "traversalSpecId": "",
               "viewDefinitionId": "bf3e882f-7803-46fa-b8e0-ec8939b44be5"
            },
            "gridsterCoords": {
               "h": 5,
               "w": 4,
               "x": 1,
               "y": 12
            },
            "height": 267,
            "id": "14d61b7b-a079-4a1d-b1b9-fbf5ff835d23",
            "states": [{
               "key": "perm_toolbarVisible_widget_5834c437-6f7c-4770-8123-97da5c600369_14d61b7b-a079-4a1d-b1b9-fbf5ff835d23",
               "value": "b%3A1"
            }],
            "title": "VM CPU Demand > 80 %",
            "type": "View"
         },
         {
            "collapsed": false,
            "config": {
               "chartViewItems": [],
               "refreshContent": {"refreshContent": false},
               "refreshInterval": 300,
               "resource": null,
               "selectFirstRow": {"selectFirstRow": false},
               "selfProvider": {"selfProvider": false},
               "title": "VM CPU Ready Time > 10 %",
               "traversalSpecId": "",
               "viewDefinitionId": "03c504f6-2d4d-40e2-8dad-adb55f344734"
            },
            "gridsterCoords": {
               "h": 5,
               "w": 4,
               "x": 9,
               "y": 12
            },
            "height": 267,
            "id": "f1406c78-5401-4f34-8601-8701267f4798",
            "title": "VM CPU Ready Time > 10 %",
            "type": "View"
         },
         {
            "collapsed": false,
            "config": {
               "chartViewItems": [],
               "refreshContent": {"refreshContent": false},
               "refreshInterval": 300,
               "resource": null,
               "selectFirstRow": {"selectFirstRow": false},
               "selfProvider": {"selfProvider": false},
               "title": "VM Memory Balloon",
               "traversalSpecId": "",
               "viewDefinitionId": "b1dc9c61-1f5f-4d48-b1f9-976c44a968f0"
            },
            "gridsterCoords": {
               "h": 5,
               "w": 4,
               "x": 9,
               "y": 17
            },
            "height": 267,
            "id": "d85b55d7-3ca4-43b7-a448-f850c587bb9f",
            "title": "VM Memory Balloon",
            "type": "View"
         },
         {
            "collapsed": false,
            "config": {
               "chartViewItems": [],
               "refreshContent": {"refreshContent": false},
               "refreshInterval": 300,
               "resource": null,
               "selectFirstRow": {"selectFirstRow": false},
               "selfProvider": {"selfProvider": false},
               "title": "VM CPU Limits (Expect None)",
               "traversalSpecId": "",
               "viewDefinitionId": "198e556f-edb4-43d6-b291-d3676ee9ccdd"
            },
            "gridsterCoords": {
               "h": 5,
               "w": 4,
               "x": 1,
               "y": 36
            },
            "height": 267,
            "id": "c925cf3c-10bc-4d11-ab97-cea5cbac3ed5",
            "title": "VM CPU Limits (Expect None)",
            "type": "View"
         },
         {
            "collapsed": false,
            "config": {
               "chartViewItems": [],
               "isUpdatedView": true,
               "refreshContent": {"refreshContent": true},
               "refreshInterval": 300,
               "resource": null,
               "selectFirstRow": {"selectFirstRow": false},
               "selfProvider": {"selfProvider": false},
               "title": "VM Disk Read Latency > 10 ms",
               "traversalSpecId": "",
               "viewDefinitionId": "5e37bf31-7e5f-4f51-8d15-1973066122ce"
            },
            "gridsterCoords": {
               "h": 5,
               "w": 4,
               "x": 1,
               "y": 22
            },
            "height": 267,
            "id": "adca047b-e3f3-45f4-8429-88830d8d7002",
            "states": [{
               "key": "perm_toolbarVisible_widget_5834c437-6f7c-4770-8123-97da5c600369_adca047b-e3f3-45f4-8429-88830d8d7002",
               "value": "b%3A0"
            }],
            "title": "VM Disk Read Latency > 10 ms",
            "type": "View"
         },
         {
            "collapsed": false,
            "config": {
               "chartViewItems": [],
               "refreshContent": {"refreshContent": false},
               "refreshInterval": 300,
               "resource": null,
               "selectFirstRow": {"selectFirstRow": false},
               "selfProvider": {"selfProvider": false},
               "title": "VM C:Drive < 5 GB",
               "traversalSpecId": "",
               "viewDefinitionId": "c62b798c-3306-40e7-b6bb-248d3f5d4064"
            },
            "gridsterCoords": {
               "h": 5,
               "w": 4,
               "x": 5,
               "y": 29
            },
            "height": 267,
            "id": "721d44a6-07ec-4dd3-9e6a-fd8e3f3fe55d",
            "states": [{
               "key": "perm_toolbarVisible_widget_5834c437-6f7c-4770-8123-97da5c600369_721d44a6-07ec-4dd3-9e6a-fd8e3f3fe55d",
               "value": "b%3A1"
            }],
            "title": "VM C:Drive < 5 GB",
            "type": "View"
         },
         {
            "collapsed": false,
            "config": {
               "chartViewItems": [],
               "refreshContent": {"refreshContent": false},
               "refreshInterval": 300,
               "resource": null,
               "selectFirstRow": {"selectFirstRow": false},
               "selfProvider": {"selfProvider": false},
               "title": "Datastore Used Space > 90%",
               "traversalSpecId": "",
               "viewDefinitionId": "4729887e-c050-4fc7-9fc0-0635bf73a24a"
            },
            "gridsterCoords": {
               "h": 5,
               "w": 4,
               "x": 9,
               "y": 55
            },
            "height": 267,
            "id": "20d0c5bc-daec-4484-a2e6-15a358cc0ff1",
            "title": "Datastore Used Space > 90%",
            "type": "View"
         },
         {
            "collapsed": false,
            "config": {
               "chartViewItems": [],
               "isUpdatedView": true,
               "refreshContent": {"refreshContent": true},
               "refreshInterval": 300,
               "resource": null,
               "selectFirstRow": {"selectFirstRow": false},
               "selfProvider": {"selfProvider": false},
               "title": "VM Disk Write Latency > 10 ms",
               "traversalSpecId": "",
               "viewDefinitionId": "b2a54dca-2eb2-4d95-bf63-59d534b0286b"
            },
            "gridsterCoords": {
               "h": 5,
               "w": 4,
               "x": 5,
               "y": 22
            },
            "height": 267,
            "id": "f4ae09c4-b3b0-4dcc-97db-62fb1b44eee0",
            "title": "VM Disk Write Latency > 10 ms",
            "type": "View"
         },
         {
            "collapsed": false,
            "config": {
               "chartViewItems": [],
               "refreshContent": {"refreshContent": false},
               "refreshInterval": 300,
               "resource": null,
               "selectFirstRow": {"selectFirstRow": false},
               "selfProvider": {"selfProvider": false},
               "title": "Host is Disconnected",
               "traversalSpecId": "",
               "viewDefinitionId": "ed9b98be-bdc4-4d35-91ee-e1e2defb7ad3"
            },
            "gridsterCoords": {
               "h": 5,
               "w": 4,
               "x": 5,
               "y": 72
            },
            "height": 267,
            "id": "227c8bc9-ac9c-43e4-9ad1-d0a3a4cc5478",
            "title": "Host is Disconnected",
            "type": "View"
         },
         {
            "collapsed": false,
            "config": {
               "chartViewItems": [],
               "refreshContent": {"refreshContent": false},
               "refreshInterval": 300,
               "resource": null,
               "selectFirstRow": {"selectFirstRow": false},
               "selfProvider": {"selfProvider": false},
               "title": "Host Hardware Issues",
               "traversalSpecId": "",
               "viewDefinitionId": "d4078702-aa2d-4f88-b484-2ca836f51d0e"
            },
            "gridsterCoords": {
               "h": 5,
               "w": 4,
               "x": 1,
               "y": 62
            },
            "height": 267,
            "id": "8523cbb7-cf1a-46c4-9689-62771fb27aa3",
            "states": [{
               "key": "perm_toolbarVisible_widget_5834c437-6f7c-4770-8123-97da5c600369_8523cbb7-cf1a-46c4-9689-62771fb27aa3",
               "value": "b%3A0"
            }],
            "title": "Host Hardware Issues",
            "type": "View"
         },
         {
            "collapsed": false,
            "config": {
               "chartViewItems": [],
               "refreshContent": {"refreshContent": false},
               "refreshInterval": 300,
               "resource": null,
               "selectFirstRow": {"selectFirstRow": false},
               "selfProvider": {"selfProvider": false},
               "title": "VMTools Outdated",
               "traversalSpecId": "",
               "viewDefinitionId": "8d94b384-23d3-4493-be05-5daaaff7e0f1"
            },
            "gridsterCoords": {
               "h": 5,
               "w": 4,
               "x": 5,
               "y": 41
            },
            "height": 267,
            "id": "ed0df5c8-6d84-407b-96ad-2e6349445c4e",
            "states": [{
               "key": "perm_toolbarVisible_widget_5834c437-6f7c-4770-8123-97da5c600369_ed0df5c8-6d84-407b-96ad-2e6349445c4e",
               "value": "b%3A0"
            }],
            "title": "VMTools Outdated",
            "type": "View"
         },
         {
            "collapsed": false,
            "config": {
               "chartViewItems": [],
               "refreshContent": {"refreshContent": true},
               "refreshInterval": 300,
               "resource": null,
               "selectFirstRow": {"selectFirstRow": false},
               "selfProvider": {"selfProvider": false},
               "title": "VM Memory Usage > 80%",
               "traversalSpecId": "",
               "viewDefinitionId": "c3783e53-ae69-482c-bea7-b8e967f141ab"
            },
            "gridsterCoords": {
               "h": 5,
               "w": 4,
               "x": 1,
               "y": 17
            },
            "height": 267,
            "id": "2891fd54-f791-418d-950d-0551dd06d821",
            "title": "VM Memory Usage > 80%",
            "type": "View"
         },
         {
            "collapsed": false,
            "config": {
               "chartViewItems": [],
               "refreshContent": {"refreshContent": false},
               "refreshInterval": 300,
               "resource": null,
               "selectFirstRow": {"selectFirstRow": false},
               "selfProvider": {"selfProvider": false},
               "title": "VM Memory Contention > 5%",
               "traversalSpecId": "",
               "viewDefinitionId": "5e6b9807-16f7-449a-99a1-3d66b51095a4"
            },
            "gridsterCoords": {
               "h": 5,
               "w": 4,
               "x": 5,
               "y": 17
            },
            "height": 267,
            "id": "3c0c3d14-cb7f-41a7-b93c-8e34007603c9",
            "title": "VM Memory Contention > 5%",
            "type": "View"
         },
         {
            "collapsed": false,
            "config": {
               "chartViewItems": [],
               "refreshContent": {"refreshContent": true},
               "refreshInterval": 300,
               "resource": null,
               "selectFirstRow": {"selectFirstRow": false},
               "selfProvider": {"selfProvider": false},
               "title": "Host CPU Usage > 80%",
               "traversalSpecId": "",
               "viewDefinitionId": "020017a9-cb6a-4f35-9253-d710c62a0f1d"
            },
            "gridsterCoords": {
               "h": 5,
               "w": 4,
               "x": 1,
               "y": 67
            },
            "height": 267,
            "id": "b3763c1e-fce0-45e6-8fec-b802613708ec",
            "title": "Host CPU Usage > 80%",
            "type": "View"
         },
         {
            "collapsed": false,
            "config": {
               "chartViewItems": [],
               "refreshContent": {"refreshContent": true},
               "refreshInterval": 300,
               "resource": null,
               "selectFirstRow": {"selectFirstRow": false},
               "selfProvider": {"selfProvider": false},
               "title": "Host Memory Usage > 80%",
               "traversalSpecId": "",
               "viewDefinitionId": "c9dad3d2-ef4e-46ea-8a88-e99341294d4a"
            },
            "gridsterCoords": {
               "h": 5,
               "w": 4,
               "x": 5,
               "y": 67
            },
            "height": 267,
            "id": "932768c3-f1f8-4a09-a70f-169a336244a9",
            "title": "Host Memory Usage > 80%",
            "type": "View"
         },
         {
            "collapsed": false,
            "config": {
               "chartViewItems": [],
               "refreshContent": {"refreshContent": false},
               "refreshInterval": 300,
               "resource": null,
               "selectFirstRow": {"selectFirstRow": false},
               "selfProvider": {"selfProvider": false},
               "title": "VM CPU Co-Stop > 3%",
               "traversalSpecId": "",
               "viewDefinitionId": "2214da3a-b4d2-443e-896f-a55142376643"
            },
            "gridsterCoords": {
               "h": 5,
               "w": 4,
               "x": 9,
               "y": 22
            },
            "height": 267,
            "id": "621ca492-0e3b-469b-8e26-57a33f9f7d4e",
            "title": "VM CPU Co-Stop > 3%",
            "type": "View"
         },
         {
            "collapsed": false,
            "config": {
               "chartViewItems": [],
               "refreshContent": {"refreshContent": false},
               "refreshInterval": 300,
               "resource": null,
               "selectFirstRow": {"selectFirstRow": false},
               "selfProvider": {"selfProvider": false},
               "title": "Cluster HA Disabled",
               "traversalSpecId": "",
               "viewDefinitionId": "1df6b518-ec38-4b85-b468-ca7f39a8fe14"
            },
            "gridsterCoords": {
               "h": 5,
               "w": 4,
               "x": 1,
               "y": 48
            },
            "height": 267,
            "id": "821b91c5-33eb-463e-9c6d-94ffc84b4186",
            "title": "Cluster HA Disabled",
            "type": "View"
         },
         {
            "collapsed": false,
            "config": {
               "chartViewItems": [],
               "refreshContent": {"refreshContent": false},
               "refreshInterval": 300,
               "resource": null,
               "selectFirstRow": {"selectFirstRow": false},
               "selfProvider": {"selfProvider": false},
               "title": "Datastore Write Latency > 10 (ms)",
               "traversalSpecId": "",
               "viewDefinitionId": "81253801-4dd2-463f-a5a6-ad044d408f55"
            },
            "gridsterCoords": {
               "h": 5,
               "w": 4,
               "x": 5,
               "y": 55
            },
            "height": 267,
            "id": "88b0d250-0dd8-40e3-9530-7b06947f2c52",
            "title": "Datastore Write Latency > 10 (ms)",
            "type": "View"
         },
         {
            "collapsed": false,
            "config": {
               "chartViewItems": [],
               "refreshContent": {"refreshContent": false},
               "refreshInterval": 300,
               "resource": null,
               "selectFirstRow": {"selectFirstRow": false},
               "selfProvider": {"selfProvider": false},
               "title": "VM Root Drive < 2GB",
               "traversalSpecId": "",
               "viewDefinitionId": "52d3794a-44a4-4da0-aa61-e808eceac14d"
            },
            "gridsterCoords": {
               "h": 5,
               "w": 4,
               "x": 1,
               "y": 29
            },
            "height": 267,
            "id": "67f42dad-84ea-4a53-96ad-3e3b46762d5c",
            "states": [{
               "key": "perm_toolbarVisible_widget_5834c437-6f7c-4770-8123-97da5c600369_67f42dad-84ea-4a53-96ad-3e3b46762d5c",
               "value": "b%3A1"
            }],
            "title": "VM Root Drive < 2GB",
            "type": "View"
         },
         {
            "collapsed": false,
            "config": {
               "chartViewItems": [],
               "refreshContent": {"refreshContent": false},
               "refreshInterval": 300,
               "resource": null,
               "selectFirstRow": {"selectFirstRow": false},
               "selfProvider": {"selfProvider": false},
               "title": "VM NIC not VMXNET3",
               "traversalSpecId": "",
               "viewDefinitionId": "e4f2dac3-8476-460a-97e8-6c4ebd228641"
            },
            "gridsterCoords": {
               "h": 5,
               "w": 4,
               "x": 1,
               "y": 41
            },
            "height": 267,
            "id": "d5f88b1c-bc10-48c9-b0c7-ff6f01a2c86a",
            "title": "VM NIC not VMXNET3",
            "type": "View"
         },
         {
            "collapsed": false,
            "config": {
               "chartViewItems": [],
               "refreshContent": {"refreshContent": false},
               "refreshInterval": 300,
               "resource": null,
               "selectFirstRow": {"selectFirstRow": false},
               "selfProvider": {"selfProvider": false},
               "title": "Disconnected VMs",
               "traversalSpecId": "",
               "viewDefinitionId": "e22c7322-aab3-4cbc-89a4-a94af60ca7a0"
            },
            "gridsterCoords": {
               "h": 5,
               "w": 4,
               "x": 9,
               "y": 36
            },
            "height": 267,
            "id": "90a56903-6c98-4200-8d58-05a77b1569af",
            "title": "Disconnected VMs",
            "type": "View"
         },
         {
            "collapsed": false,
            "config": {
               "chartViewItems": [],
               "refreshContent": {"refreshContent": false},
               "refreshInterval": 300,
               "resource": {
                  "adapterKindId": "VMWARE",
                  "allowDrag": true,
                  "allowDrop": true,
                  "checked": null,
                  "children": null,
                  "cls": "",
                  "depth": 3,
                  "expandable": true,
                  "expanded": false,
                  "href": "",
                  "hrefTarget": "",
                  "icon": "",
                  "iconCls": "resknd_default_vmware_vsphereworld",
                  "iconSrc": "images/resknd/default/16x16/VMWARE_vSphere World.png",
                  "id": "10875555-1fde-4c92-bff8-9e75c924335e",
                  "index": 0,
                  "isFirst": true,
                  "isLast": true,
                  "leaf": true,
                  "loaded": false,
                  "loading": false,
                  "nodeType": "resource",
                  "parentId": "Ext.vcops.ResourceTree.Model-132",
                  "qshowDelay": 0,
                  "qtip": "",
                  "qtitle": "",
                  "resourceId": "resource:id:0_::_",
                  "resourceKindId": "002006VMWAREvSphere World",
                  "resourceKindKey": "{adKind=VMWARE, resKind=vSphere World}",
                  "resourceKindName": "vSphere World",
                  "resourceKindType": "8",
                  "resourceName": "vSphere World",
                  "root": false,
                  "text": "vSphere World",
                  "traversalSpecId": "",
                  "uniqueId": "10875555-1fde-4c92-bff8-9e75c924335e_1554111804123",
                  "visible": true
               },
               "selectFirstRow": {"selectFirstRow": false},
               "selfProvider": {"selfProvider": true},
               "title": "*",
               "traversalSpecId": null,
               "viewDefinitionId": "036023ab-fb69-4702-891e-704f99612d21"
            },
            "gridsterCoords": {
               "h": 2,
               "w": 12,
               "x": 1,
               "y": 34
            },
            "height": 96,
            "id": "54c3a402-ac28-444a-b8dd-1c3d80e939ef",
            "title": "*",
            "type": "View"
         },
         {
            "collapsed": false,
            "config": {
               "chartViewItems": [],
               "refreshContent": {"refreshContent": false},
               "refreshInterval": 300,
               "resource": {
                  "adapterKindId": "VMWARE",
                  "allowDrag": true,
                  "allowDrop": true,
                  "checked": null,
                  "children": null,
                  "cls": "",
                  "depth": 3,
                  "expandable": true,
                  "expanded": false,
                  "href": "",
                  "hrefTarget": "",
                  "icon": "",
                  "iconCls": "resknd_default_vmware_vsphereworld",
                  "iconSrc": "images/resknd/default/16x16/VMWARE_vSphere World.png",
                  "id": "10875555-1fde-4c92-bff8-9e75c924335e",
                  "index": 0,
                  "isFirst": true,
                  "isLast": true,
                  "leaf": true,
                  "loaded": false,
                  "loading": false,
                  "nodeType": "resource",
                  "parentId": "Ext.vcops.ResourceTree.Model-64",
                  "qshowDelay": 0,
                  "qtip": "",
                  "qtitle": "",
                  "resourceId": "resource:id:0_::_",
                  "resourceKindId": "002006VMWAREvSphere World",
                  "resourceKindKey": "{adKind=VMWARE, resKind=vSphere World}",
                  "resourceKindName": "vSphere World",
                  "resourceKindType": "8",
                  "resourceName": "vSphere World",
                  "root": false,
                  "text": "vSphere World",
                  "traversalSpecId": "",
                  "uniqueId": "10875555-1fde-4c92-bff8-9e75c924335e_1554111329589",
                  "visible": true
               },
               "selectFirstRow": {"selectFirstRow": false},
               "selfProvider": {"selfProvider": true},
               "title": "*",
               "traversalSpecId": null,
               "viewDefinitionId": "ba733a06-de4e-4d89-8f09-f884b3d07e26"
            },
            "gridsterCoords": {
               "h": 2,
               "w": 12,
               "x": 1,
               "y": 10
            },
            "height": 96,
            "id": "95648001-ffbf-4f39-87a9-163300d629d9",
            "title": "*",
            "type": "View"
         },
         {
            "collapsed": false,
            "config": {
               "chartViewItems": [],
               "refreshContent": {"refreshContent": false},
               "refreshInterval": 300,
               "resource": {
                  "adapterKindId": "VMWARE",
                  "allowDrag": true,
                  "allowDrop": true,
                  "checked": null,
                  "children": null,
                  "cls": "",
                  "depth": 3,
                  "expandable": true,
                  "expanded": false,
                  "href": "",
                  "hrefTarget": "",
                  "icon": "",
                  "iconCls": "resknd_default_vmware_vsphereworld",
                  "iconSrc": "images/resknd/default/16x16/VMWARE_vSphere World.png",
                  "id": "10875555-1fde-4c92-bff8-9e75c924335e",
                  "index": 0,
                  "isFirst": true,
                  "isLast": true,
                  "leaf": true,
                  "loaded": false,
                  "loading": false,
                  "nodeType": "resource",
                  "parentId": "Ext.vcops.ResourceTree.Model-98",
                  "qshowDelay": 0,
                  "qtip": "",
                  "qtitle": "",
                  "resourceId": "resource:id:0_::_",
                  "resourceKindId": "002006VMWAREvSphere World",
                  "resourceKindKey": "{adKind=VMWARE, resKind=vSphere World}",
                  "resourceKindName": "vSphere World",
                  "resourceKindType": "8",
                  "resourceName": "vSphere World",
                  "root": false,
                  "text": "vSphere World",
                  "traversalSpecId": "",
                  "uniqueId": "10875555-1fde-4c92-bff8-9e75c924335e_1554111500782",
                  "visible": true
               },
               "selectFirstRow": {"selectFirstRow": false},
               "selfProvider": {"selfProvider": true},
               "title": "*",
               "traversalSpecId": null,
               "viewDefinitionId": "7b7a487c-b1c0-4bff-a98f-66da842bf45a"
            },
            "gridsterCoords": {
               "h": 2,
               "w": 12,
               "x": 1,
               "y": 27
            },
            "height": 96,
            "id": "81bdd92f-ee76-4b47-afdb-0a94bfb95035",
            "title": "*",
            "type": "View"
         },
         {
            "collapsed": false,
            "config": {
               "chartViewItems": [],
               "refreshContent": {"refreshContent": false},
               "refreshInterval": 300,
               "resource": {
                  "adapterKindId": null,
                  "allowDrag": true,
                  "allowDrop": true,
                  "checked": null,
                  "children": null,
                  "cls": "",
                  "depth": 3,
                  "expandable": true,
                  "expanded": false,
                  "href": "",
                  "hrefTarget": "",
                  "icon": "",
                  "iconCls": "resknd_default_vmware_vsphereworld",
                  "iconSrc": "images/resknd/default/16x16/VMWARE_vSphere World.png",
                  "id": "10875555-1fde-4c92-bff8-9e75c924335e",
                  "index": 0,
                  "isFirst": true,
                  "isLast": true,
                  "leaf": true,
                  "loaded": false,
                  "loading": false,
                  "nodeType": "resource",
                  "parentId": "002006VMWAREvSphere World",
                  "qshowDelay": 0,
                  "qtip": "",
                  "qtitle": "",
                  "resourceId": "resource:id:0_::_",
                  "resourceKindId": "002006VMWAREvSphere World",
                  "resourceKindKey": "{adKind=VMWARE, resKind=vSphere World}",
                  "resourceKindName": "vSphere World",
                  "resourceKindType": "8",
                  "resourceName": "vSphere World",
                  "root": false,
                  "text": "vSphere World",
                  "traversalSpecId": "",
                  "uniqueId": "10875555-1fde-4c92-bff8-9e75c924335e_1554722099716",
                  "visible": true
               },
               "selectFirstRow": {"selectFirstRow": false},
               "selfProvider": {"selfProvider": true},
               "title": "*",
               "traversalSpecId": null,
               "viewDefinitionId": "3ed05cda-01a1-45f7-9552-4c9021173997"
            },
            "gridsterCoords": {
               "h": 2,
               "w": 12,
               "x": 1,
               "y": 46
            },
            "height": 96,
            "id": "85ed65df-268b-471d-a782-f20ea5950daf",
            "title": "*",
            "type": "View"
         },
         {
            "collapsed": false,
            "config": {
               "chartViewItems": [],
               "refreshContent": {"refreshContent": true},
               "refreshInterval": 300,
               "resource": null,
               "selectFirstRow": {"selectFirstRow": false},
               "selfProvider": {"selfProvider": false},
               "title": "Host CPU Contention > 10%",
               "traversalSpecId": "",
               "viewDefinitionId": "f524a694-6145-4657-8415-f7454fee418c"
            },
            "gridsterCoords": {
               "h": 5,
               "w": 4,
               "x": 9,
               "y": 67
            },
            "height": 267,
            "id": "0551259b-d24f-4cb3-863e-36c4a85f797b",
            "title": "Host CPU Contention > 10%",
            "type": "View"
         },
         {
            "collapsed": false,
            "config": {
               "chartViewItems": [],
               "refreshContent": {"refreshContent": true},
               "refreshInterval": 60,
               "resource": null,
               "selectFirstRow": {"selectFirstRow": false},
               "selfProvider": {"selfProvider": false},
               "title": "Datastore Read Latency > 10 (ms)",
               "traversalSpecId": "",
               "viewDefinitionId": "5ecd5ee8-49fd-4b4c-8f6d-1743028d594c"
            },
            "gridsterCoords": {
               "h": 5,
               "w": 4,
               "x": 1,
               "y": 55
            },
            "height": 267,
            "id": "f2b4540a-4913-4eda-b520-3a9e2e03b68e",
            "states": [{
               "key": "perm_toolbarVisible_widget_5834c437-6f7c-4770-8123-97da5c600369_f2b4540a-4913-4eda-b520-3a9e2e03b68e",
               "value": "b%3A0"
            }],
            "title": "Datastore Read Latency > 10 (ms)",
            "type": "View"
         },
         {
            "collapsed": false,
            "config": {
               "additionalColumns": [
                  {
                     "boxLabel": "Running VMs",
                     "metricKey": "summary|number_running_vms",
                     "metricName": "Summary|Number of Running VMs (Virtual Machines)",
                     "resourceKindId": "resourceKind:id:0_::_"
                  },
                  {
                     "boxLabel": "Critical Alerts",
                     "metricKey": "System Attributes|alert_count_critical",
                     "metricName": "vRealize Operations Generated|Alert Count Critical",
                     "resourceKindId": "resourceKind:id:0_::_"
                  }
               ],
               "customFilter": {
                  "excludedResources": null,
                  "filter": [],
                  "includedResources": null
               },
               "depth": 1,
               "filterMode": "tagPicker",
               "mode": "all",
               "refreshContent": {"refreshContent": false},
               "refreshInterval": 300,
               "relationshipMode": {"relationshipMode": 0},
               "resource": [],
               "selectFirstRow": {"selectFirstRow": false},
               "selfProvider": {"selfProvider": false},
               "tagFilter": {
                  "path": [
                     "/source/kind/kind:resourceKind:id:0_::_",
                     "/source/kind/kind:resourceKind:id:1_::_",
                     "/source/kind/kind:resourceKind:id:2_::_",
                     "/source/kind/kind:resourceKind:id:3_::_"
                  ],
                  "value": {
                     "adapterInstance": [],
                     "adapterKind": [],
                     "bus": [],
                     "collector": [],
                     "day": [],
                     "exclaim": false,
                     "healthRange": [],
                     "kind": [
                        "resourceKind:id:0_::_",
                        "resourceKind:id:1_::_",
                        "resourceKind:id:2_::_",
                        "resourceKind:id:3_::_"
                     ],
                     "maintenanceSchedule": [],
                     "state": [],
                     "status": [],
                     "tag": [],
                     "tier": []
                  }
               },
               "title": "Select a vCenter, Cluster, Datacenter (Use Filter box to Search)"
            },
            "gridsterCoords": {
               "h": 9,
               "w": 6,
               "x": 1,
               "y": 1
            },
            "height": 495,
            "id": "15a17787-e5a0-4c4d-932f-719cc7a94ba5",
            "states": [
               {
                  "key": "permResGrid_widget_5834c437-6f7c-4770-8123-97da5c600369_15a17787-e5a0-4c4d-932f-719cc7a94ba5",
                  "value": "o%3Acolumns%3Da%253Ao%25253Aid%25253Ds%2525253Ah1%25255Ehidden%25253Db%2525253A1%25255Ewidth%25253Dn%2525253A100%255Eo%25253Aid%25253Ds%2525253Ah2%25255Ewidth%25253Dn%2525253A209%255Eo%25253Aid%25253Ds%2525253Ah3%25255Ehidden%25253Db%2525253A1%25255Ewidth%25253Dn%2525253A223%255Eo%25253Aid%25253Ds%2525253Ah4%25255Ehidden%25253Db%2525253A1%255Eo%25253Aid%25253Ds%2525253Ah5%25255Ewidth%25253Dn%2525253A212%255Eo%25253Aid%25253Ds%2525253Ah6%25255Ehidden%25253Db%2525253A1%255Eo%25253Aid%25253Ds%2525253Ah7%25255Ehidden%25253Db%2525253A1%25255Ewidth%25253Dn%2525253A100%255Eo%25253Aid%25253Ds%2525253Ah8%25255Ehidden%25253Db%2525253A1%25255Ewidth%25253Dn%2525253A100%255Eo%25253Aid%25253Ds%2525253Ah9%25255Ehidden%25253Db%2525253A1%25255Ewidth%25253Dn%2525253A100%255Eo%25253Aid%25253Ds%2525253Ah10%25255Ehidden%25253Db%2525253A1%25255Ewidth%25253Dn%2525253A100%255Eo%25253Aid%25253Ds%2525253Ah11%25255Ehidden%25253Db%2525253A1%25255Ewidth%25253Dn%2525253A100%255Eo%25253Aid%25253Ds%2525253Ah12%25255Ehidden%25253Db%2525253A1%25255Ewidth%25253Dn%2525253A100%255Eo%25253Aid%25253Ds%2525253Ah13%25255Ehidden%25253Db%2525253A1%25255Ewidth%25253Dn%2525253A100%255Eo%25253Aid%25253Ds%2525253Ah16%25255Ehidden%25253Db%2525253A1%25255Ewidth%25253Dn%2525253A100%255Eo%25253Aid%25253Ds%2525253Ah17%25255Ehidden%25253Db%2525253A0%25255Ewidth%25253Dn%2525253A112%255Eo%25253Aid%25253Ds%2525253Ah18%25255Ehidden%25253Db%2525253A0%25255Ewidth%25253Dn%2525253A117%255Eo%25253Aid%25253Ds%2525253Ah19%25255Ehidden%25253Db%2525253A1%25255Ewidth%25253Dn%2525253A100%255Eo%25253Aid%25253Ds%2525253Ah21%25255Ehidden%25253Db%2525253A1%25255Ewidth%25253Dn%2525253A124%255Eo%25253Aid%25253Ds%2525253Ah20%25255Ehidden%25253Db%2525253A1%25255Ewidth%25253Dn%2525253A166%255Eo%25253Aid%25253Ds%2525253Ah14%25255Ehidden%25253Db%2525253A1%25255Ewidth%25253Dn%2525253A164%255Eo%25253Aid%25253Ds%2525253Ah15%25255Ehidden%25253Db%2525253A1%255Eo%25253Aid%25253Ds%2525253Ah22%25255Ehidden%25253Db%2525253A1%25255Ewidth%25253Dn%2525253A100%255Eo%25253Aid%25253Ds%2525253Ah23%25255Ehidden%25253Db%2525253A1%25255Ewidth%25253Dn%2525253A100%255Eo%25253Aid%25253Ds%2525253Ah24%25255Ehidden%25253Db%2525253A1%25255Ewidth%25253Dn%2525253A100%255Eo%25253Aid%25253Ds%2525253Ah25%25255Ehidden%25253Db%2525253A1%25255Ewidth%25253Dn%2525253A100%255Eo%25253Aid%25253Ds%2525253Ah26%25255Ehidden%25253Db%2525253A1%25255Ewidth%25253Dn%2525253A100%255Eo%25253Aid%25253Ds%2525253Ah27%25255Ehidden%25253Db%2525253A1%25255Ewidth%25253Dn%2525253A100%255Eo%25253Aid%25253Ds%2525253Ah28%25255Ehidden%25253Db%2525253A1%25255Ewidth%25253Dn%2525253A100%255Eo%25253Aid%25253Ds%2525253Ah29%25255Ehidden%25253Db%2525253A1%25255Ewidth%25253Dn%2525253A100%255Eo%25253Aid%25253Ds%2525253Ah30%25255Ehidden%25253Db%2525253A1%25255Ewidth%25253Dn%2525253A100%255Eo%25253Aid%25253Ds%2525253Ah31%25255Ehidden%25253Db%2525253A1%25255Ewidth%25253Dn%2525253A100%255Eo%25253Aid%25253Ds%2525253Ah32%25255Ehidden%25253Db%2525253A1%25255Ewidth%25253Dn%2525253A100%255Eo%25253Aid%25253Ds%2525253Ah33%25255Ehidden%25253Db%2525253A1%25255Ewidth%25253Dn%2525253A100%255Eo%25253Aid%25253Ds%2525253Ah34%25255Ehidden%25253Db%2525253A1%25255Ewidth%25253Dn%2525253A100%255Eo%25253Aid%25253Ds%2525253Ah35%25255Ehidden%25253Db%2525253A1%25255Ewidth%25253Dn%2525253A100%255Eo%25253Aid%25253Ds%2525253Ah36%25255Ehidden%25253Db%2525253A1%25255Ewidth%25253Dn%2525253A100%255Eo%25253Aid%25253Ds%2525253Ah37%25255Ehidden%25253Db%2525253A1%25255Ewidth%25253Dn%2525253A100%255Eo%25253Aid%25253Ds%2525253Ah38%25255Ehidden%25253Db%2525253A1%25255Ewidth%25253Dn%2525253A100%255Eo%25253Aid%25253Ds%2525253Ah39%25255Ehidden%25253Db%2525253A1%25255Ewidth%25253Dn%2525253A100%255Eo%25253Aid%25253Ds%2525253Ah40%25255Ehidden%25253Db%2525253A1%25255Ewidth%25253Dn%2525253A100%255Eo%25253Aid%25253Ds%2525253Ah41%25255Ehidden%25253Db%2525253A1%25255Ewidth%25253Dn%2525253A100%255Eo%25253Aid%25253Ds%2525253Ah42%25255Ehidden%25253Db%2525253A1%25255Ewidth%25253Dn%2525253A100%255Eo%25253Aid%25253Ds%2525253Ah43%25255Ehidden%25253Db%2525253A1%25255Ewidth%25253Dn%2525253A100%255Eo%25253Aid%25253Ds%2525253Ah44%25255Ehidden%25253Db%2525253A1%25255Ewidth%25253Dn%2525253A100%255Eo%25253Aid%25253Ds%2525253Ah45%25255Ehidden%25253Db%2525253A1%25255Ewidth%25253Dn%2525253A100%255Eo%25253Aid%25253Ds%2525253Ah46%25255Ehidden%25253Db%2525253A1%25255Ewidth%25253Dn%2525253A100%5EstoreState%3Do%253Asorters%253Da%25253Ao%2525253Aroot%2525253Ds%252525253Adata%2525255Eproperty%2525253Ds%252525253AmetricValue_%252525253A%252525253A_summary%252525257Cnumber_running_vms%2525255Edirection%2525253Ds%252525253ADESC%2525255Eid%2525253Ds%252525253AmetricValue_%252525253A%252525253A_summary%252525257Cnumber_running_vms"
               },
               {
                  "key": "perm_toolbarVisible_widget_5834c437-6f7c-4770-8123-97da5c600369_15a17787-e5a0-4c4d-932f-719cc7a94ba5",
                  "value": "b%3A1"
               }
            ],
            "title": "Select a vCenter, Cluster, Datacenter (Use Filter box to Search)",
            "type": "ResourceList"
         },
         {
            "collapsed": false,
            "config": {
               "chartViewItems": [],
               "refreshContent": {"refreshContent": false},
               "refreshInterval": 300,
               "resource": null,
               "selectFirstRow": {"selectFirstRow": false},
               "selfProvider": {"selfProvider": false},
               "title": "Cluster DRS Disabled",
               "traversalSpecId": "",
               "viewDefinitionId": "bb55099e-4fe8-42c5-bcaa-9e6d89502af7"
            },
            "gridsterCoords": {
               "h": 5,
               "w": 4,
               "x": 5,
               "y": 48
            },
            "height": 267,
            "id": "b0a6c89f-3591-4699-967b-deb341ad7b63",
            "title": "Cluster DRS Disabled",
            "type": "View"
         },
         {
            "collapsed": false,
            "config": {
               "chartViewItems": [],
               "refreshContent": {"refreshContent": false},
               "refreshInterval": 300,
               "resource": null,
               "selectFirstRow": {"selectFirstRow": false},
               "selfProvider": {"selfProvider": false},
               "title": "Cluster Admission Control Disabled",
               "traversalSpecId": "",
               "viewDefinitionId": "391ad398-4cef-4cd8-b8e4-d4ebb2579385"
            },
            "gridsterCoords": {
               "h": 5,
               "w": 4,
               "x": 9,
               "y": 48
            },
            "height": 267,
            "id": "731a3a87-bc64-4aca-a65d-b5e7098bafc8",
            "title": "Cluster Admission Control Disabled",
            "type": "View"
         },
         {
            "collapsed": false,
            "config": {
               "chartViewItems": [],
               "refreshContent": {"refreshContent": false},
               "refreshInterval": 300,
               "resource": {
                  "adapterKindId": "VMWARE",
                  "allowDrag": true,
                  "allowDrop": true,
                  "checked": null,
                  "children": null,
                  "cls": "",
                  "depth": 3,
                  "expandable": true,
                  "expanded": false,
                  "href": "",
                  "hrefTarget": "",
                  "icon": "",
                  "iconCls": "resknd_default_vmware_vsphereworld",
                  "iconSrc": "images/resknd/default/16x16/VMWARE_vSphere World.png",
                  "id": "10875555-1fde-4c92-bff8-9e75c924335e",
                  "index": 0,
                  "isFirst": true,
                  "isLast": true,
                  "leaf": true,
                  "loaded": false,
                  "loading": false,
                  "nodeType": "resource",
                  "parentId": "Ext.vcops.ResourceTree.Model-754",
                  "qshowDelay": 0,
                  "qtip": "",
                  "qtitle": "",
                  "resourceId": "resource:id:0_::_",
                  "resourceKindId": "002006VMWAREvSphere World",
                  "resourceKindKey": "{adKind=VMWARE, resKind=vSphere World}",
                  "resourceKindName": "vSphere World",
                  "resourceKindType": "8",
                  "resourceName": "vSphere World",
                  "root": false,
                  "text": "vSphere World",
                  "traversalSpecId": "",
                  "uniqueId": "10875555-1fde-4c92-bff8-9e75c924335e_1554727916726",
                  "visible": true
               },
               "selectFirstRow": {"selectFirstRow": false},
               "selfProvider": {"selfProvider": true},
               "title": "*",
               "traversalSpecId": null,
               "viewDefinitionId": "1f96b195-d121-4c04-95eb-6a2abe7e3544"
            },
            "gridsterCoords": {
               "h": 2,
               "w": 12,
               "x": 1,
               "y": 53
            },
            "height": 96,
            "id": "3278962d-887c-4eb1-8296-8fcd3edfa08e",
            "title": "*",
            "type": "View"
         },
         {
            "collapsed": false,
            "config": {
               "chartViewItems": [],
               "refreshContent": {"refreshContent": false},
               "refreshInterval": 300,
               "resource": {
                  "adapterKindId": "VMWARE",
                  "allowDrag": true,
                  "allowDrop": true,
                  "checked": null,
                  "children": null,
                  "cls": "",
                  "depth": 3,
                  "expandable": true,
                  "expanded": false,
                  "href": "",
                  "hrefTarget": "",
                  "icon": "",
                  "iconCls": "resknd_default_vmware_vsphereworld",
                  "iconSrc": "images/resknd/default/16x16/VMWARE_vSphere World.png",
                  "id": "10875555-1fde-4c92-bff8-9e75c924335e",
                  "index": 0,
                  "isFirst": true,
                  "isLast": true,
                  "leaf": true,
                  "loaded": false,
                  "loading": false,
                  "nodeType": "resource",
                  "parentId": "Ext.vcops.ResourceTree.Model-788",
                  "qshowDelay": 0,
                  "qtip": "",
                  "qtitle": "",
                  "resourceId": "resource:id:0_::_",
                  "resourceKindId": "002006VMWAREvSphere World",
                  "resourceKindKey": "{adKind=VMWARE, resKind=vSphere World}",
                  "resourceKindName": "vSphere World",
                  "resourceKindType": "8",
                  "resourceName": "vSphere World",
                  "root": false,
                  "text": "vSphere World",
                  "traversalSpecId": "",
                  "uniqueId": "10875555-1fde-4c92-bff8-9e75c924335e_1554727968185",
                  "visible": true
               },
               "selectFirstRow": {"selectFirstRow": false},
               "selfProvider": {"selfProvider": true},
               "title": "*",
               "traversalSpecId": null,
               "viewDefinitionId": "18574cb4-fc71-4c30-acb9-5412825ea47c"
            },
            "gridsterCoords": {
               "h": 2,
               "w": 12,
               "x": 1,
               "y": 60
            },
            "height": 96,
            "id": "d6278d6d-ea29-4c18-8cba-9d75a320f693",
            "title": "*",
            "type": "View"
         },
         {
            "collapsed": false,
            "config": {
               "chartViewItems": [],
               "refreshContent": {"refreshContent": false},
               "refreshInterval": 300,
               "resource": null,
               "selectFirstRow": {"selectFirstRow": false},
               "selfProvider": {"selfProvider": false},
               "title": "Host in Maintenance Mode",
               "traversalSpecId": "",
               "viewDefinitionId": "4d05ece3-688d-476a-a9ac-033042926e30"
            },
            "gridsterCoords": {
               "h": 5,
               "w": 4,
               "x": 1,
               "y": 72
            },
            "height": 267,
            "id": "1147fec8-d606-471f-a8cf-374d5b009c8d",
            "states": [{
               "key": "perm_toolbarVisible_widget_5834c437-6f7c-4770-8123-97da5c600369_1147fec8-d606-471f-a8cf-374d5b009c8d",
               "value": "b%3A1"
            }],
            "title": "Host in Maintenance Mode",
            "type": "View"
         },
         {
            "collapsed": false,
            "config": {
               "chartViewItems": [],
               "refreshContent": {"refreshContent": false},
               "refreshInterval": 300,
               "resource": null,
               "selectFirstRow": {"selectFirstRow": false},
               "selfProvider": {"selfProvider": false},
               "title": "Powered Off Host",
               "traversalSpecId": "",
               "viewDefinitionId": "120ef6ef-6858-4f6e-a421-be6dfcdb041c"
            },
            "gridsterCoords": {
               "h": 5,
               "w": 4,
               "x": 9,
               "y": 72
            },
            "height": 267,
            "id": "2a5eb8fc-b3ed-454b-9640-710c138ff984",
            "title": "Powered Off Host",
            "type": "View"
         },
         {
            "collapsed": false,
            "config": {
               "chartViewItems": [],
               "refreshContent": {"refreshContent": false},
               "refreshInterval": 300,
               "resource": null,
               "selectFirstRow": {"selectFirstRow": false},
               "selfProvider": {"selfProvider": false},
               "title": "Host NTP Disabled",
               "traversalSpecId": "",
               "viewDefinitionId": "292ff7d6-74f2-4dc3-a82d-ebdfe4c0bdfb"
            },
            "gridsterCoords": {
               "h": 5,
               "w": 4,
               "x": 5,
               "y": 77
            },
            "height": 267,
            "id": "8ae8d831-313b-460e-bd61-ee0ad289754a",
            "title": "Host NTP Disabled",
            "type": "View"
         },
         {
            "collapsed": false,
            "config": {
               "chartViewItems": [],
               "refreshContent": {"refreshContent": false},
               "refreshInterval": 300,
               "resource": null,
               "selectFirstRow": {"selectFirstRow": false},
               "selfProvider": {"selfProvider": false},
               "title": "Hyper Threading not Enabled",
               "traversalSpecId": "",
               "viewDefinitionId": "12320ed4-6e17-4fc6-a4ba-525413b1bc20"
            },
            "gridsterCoords": {
               "h": 5,
               "w": 4,
               "x": 5,
               "y": 62
            },
            "height": 267,
            "id": "5224674b-df88-4166-8bd5-c2b71ac00b22",
            "title": "Hyper Threading not Enabled",
            "type": "View"
         },
         {
            "collapsed": false,
            "config": {
               "chartViewItems": [],
               "refreshContent": {"refreshContent": false},
               "refreshInterval": 300,
               "resource": null,
               "selectFirstRow": {"selectFirstRow": false},
               "selfProvider": {"selfProvider": false},
               "title": "Host HA Disabled",
               "traversalSpecId": "",
               "viewDefinitionId": "33610038-4eda-4eb0-9905-3b80414a0c16"
            },
            "gridsterCoords": {
               "h": 5,
               "w": 4,
               "x": 9,
               "y": 62
            },
            "height": 267,
            "id": "d5d30aa5-c736-4c77-9717-d36c02c15696",
            "title": "Host HA Disabled",
            "type": "View"
         },
         {
            "collapsed": false,
            "config": {
               "chartViewItems": [],
               "refreshContent": {"refreshContent": false},
               "refreshInterval": 300,
               "resource": null,
               "selectFirstRow": {"selectFirstRow": false},
               "selfProvider": {"selfProvider": false},
               "title": "Power Management not set to Max",
               "traversalSpecId": "",
               "viewDefinitionId": "d4bdf8c0-02e7-449e-95e0-41f3c624b07b"
            },
            "gridsterCoords": {
               "h": 5,
               "w": 4,
               "x": 1,
               "y": 77
            },
            "height": 267,
            "id": "2a0106aa-2a25-485d-93af-0b61f736e8a0",
            "title": "Power Management not set to Max",
            "type": "View"
         },
         {
            "collapsed": false,
            "config": {
               "chartViewItems": [
                  "legend",
                  "labels"
               ],
               "refreshContent": {"refreshContent": true},
               "refreshInterval": 300,
               "resource": null,
               "selectFirstRow": {"selectFirstRow": false},
               "selfProvider": {"selfProvider": false},
               "title": "Host SSH Enabled?",
               "traversalSpecId": "",
               "viewDefinitionId": "e67cedd0-2c90-49e3-9285-c6a71c2ad2b8"
            },
            "gridsterCoords": {
               "h": 5,
               "w": 4,
               "x": 9,
               "y": 77
            },
            "height": 267,
            "id": "77c93ccd-ac88-4561-a904-f462e60c1943",
            "title": "Host SSH Enabled?",
            "type": "View"
         },
         {
            "collapsed": true,
            "config": {
               "additionalColumns": [],
               "mode": 0,
               "refreshContent": {"refreshContent": false},
               "refreshInterval": 300,
               "selectFirstRow": {"selectFirstRow": true},
               "tagFilter": null,
               "title": "Forwarder (Do Not Delete)"
            },
            "gridsterCoords": {
               "h": 1,
               "w": 4,
               "x": 1,
               "y": 82
            },
            "height": 324,
            "id": "f7050247-a434-46fb-be97-cf3fe99a1dfe",
            "states": [{
               "key": "permResGrid_widget_5834c437-6f7c-4770-8123-97da5c600369_f7050247-a434-46fb-be97-cf3fe99a1dfe",
               "value": "o%3Acolumns%3Da%253Ao%25253Aid%25253Ds%2525253Ah1%25255Ehidden%25253Db%2525253A1%25255Ewidth%25253Dn%2525253A100%255Eo%25253Aid%25253Ds%2525253Ah2%255Eo%25253Aid%25253Ds%2525253Ah3%25255Ehidden%25253Db%2525253A1%25255Ewidth%25253Dn%2525253A100%255Eo%25253Aid%25253Ds%2525253Ah4%255Eo%25253Aid%25253Ds%2525253Ah5%255Eo%25253Aid%25253Ds%2525253Ah6%255Eo%25253Aid%25253Ds%2525253Ah7%25255Ehidden%25253Db%2525253A1%25255Ewidth%25253Dn%2525253A100%255Eo%25253Aid%25253Ds%2525253Ah8%25255Ehidden%25253Db%2525253A1%25255Ewidth%25253Dn%2525253A100%255Eo%25253Aid%25253Ds%2525253Ah9%25255Ehidden%25253Db%2525253A1%25255Ewidth%25253Dn%2525253A100%255Eo%25253Aid%25253Ds%2525253Ah10%25255Ehidden%25253Db%2525253A1%25255Ewidth%25253Dn%2525253A100%255Eo%25253Aid%25253Ds%2525253Ah11%25255Ehidden%25253Db%2525253A1%25255Ewidth%25253Dn%2525253A100%255Eo%25253Aid%25253Ds%2525253Ah12%25255Ehidden%25253Db%2525253A1%25255Ewidth%25253Dn%2525253A100%255Eo%25253Aid%25253Ds%2525253Ah13%25255Ehidden%25253Db%2525253A1%25255Ewidth%25253Dn%2525253A100%255Eo%25253Aid%25253Ds%2525253Ah14%255Eo%25253Aid%25253Ds%2525253Ah15%255Eo%25253Aid%25253Ds%2525253Ah16%25255Ehidden%25253Db%2525253A1%25255Ewidth%25253Dn%2525253A100%255Eo%25253Aid%25253Ds%2525253Ah17%25255Ehidden%25253Db%2525253A1%25255Ewidth%25253Dn%2525253A100%255Eo%25253Aid%25253Ds%2525253Ah18%25255Ehidden%25253Db%2525253A1%25255Ewidth%25253Dn%2525253A100%255Eo%25253Aid%25253Ds%2525253Ah19%25255Ehidden%25253Db%2525253A1%25255Ewidth%25253Dn%2525253A100%255Eo%25253Aid%25253Ds%2525253Ah20%25255Ehidden%25253Db%2525253A1%25255Ewidth%25253Dn%2525253A100%255Eo%25253Aid%25253Ds%2525253Ah21%25255Ehidden%25253Db%2525253A1%25255Ewidth%25253Dn%2525253A100%255Eo%25253Aid%25253Ds%2525253Ah22%25255Ehidden%25253Db%2525253A1%25255Ewidth%25253Dn%2525253A100%255Eo%25253Aid%25253Ds%2525253Ah23%25255Ehidden%25253Db%2525253A1%25255Ewidth%25253Dn%2525253A100%255Eo%25253Aid%25253Ds%2525253Ah24%25255Ehidden%25253Db%2525253A1%25255Ewidth%25253Dn%2525253A100%255Eo%25253Aid%25253Ds%2525253Ah25%25255Ehidden%25253Db%2525253A1%25255Ewidth%25253Dn%2525253A100%255Eo%25253Aid%25253Ds%2525253Ah26%25255Ehidden%25253Db%2525253A1%25255Ewidth%25253Dn%2525253A100%255Eo%25253Aid%25253Ds%2525253Ah27%25255Ehidden%25253Db%2525253A1%25255Ewidth%25253Dn%2525253A100%255Eo%25253Aid%25253Ds%2525253Ah28%25255Ehidden%25253Db%2525253A1%25255Ewidth%25253Dn%2525253A100%255Eo%25253Aid%25253Ds%2525253Ah29%25255Ehidden%25253Db%2525253A1%25255Ewidth%25253Dn%2525253A100%255Eo%25253Aid%25253Ds%2525253Ah30%25255Ehidden%25253Db%2525253A1%25255Ewidth%25253Dn%2525253A100%255Eo%25253Aid%25253Ds%2525253Ah31%25255Ehidden%25253Db%2525253A1%25255Ewidth%25253Dn%2525253A100%255Eo%25253Aid%25253Ds%2525253Ah32%25255Ehidden%25253Db%2525253A1%25255Ewidth%25253Dn%2525253A100%255Eo%25253Aid%25253Ds%2525253Ah33%25255Ehidden%25253Db%2525253A1%25255Ewidth%25253Dn%2525253A100%255Eo%25253Aid%25253Ds%2525253Ah34%25255Ehidden%25253Db%2525253A1%25255Ewidth%25253Dn%2525253A100%255Eo%25253Aid%25253Ds%2525253Ah35%25255Ehidden%25253Db%2525253A1%25255Ewidth%25253Dn%2525253A100%255Eo%25253Aid%25253Ds%2525253Ah36%25255Ehidden%25253Db%2525253A1%25255Ewidth%25253Dn%2525253A100%255Eo%25253Aid%25253Ds%2525253Ah37%25255Ehidden%25253Db%2525253A1%25255Ewidth%25253Dn%2525253A100%255Eo%25253Aid%25253Ds%2525253Ah38%25255Ehidden%25253Db%2525253A1%25255Ewidth%25253Dn%2525253A100%255Eo%25253Aid%25253Ds%2525253Ah39%25255Ehidden%25253Db%2525253A1%25255Ewidth%25253Dn%2525253A100%255Eo%25253Aid%25253Ds%2525253Ah40%25255Ehidden%25253Db%2525253A1%25255Ewidth%25253Dn%2525253A100%255Eo%25253Aid%25253Ds%2525253Ah41%25255Ehidden%25253Db%2525253A1%25255Ewidth%25253Dn%2525253A100%255Eo%25253Aid%25253Ds%2525253Ah42%25255Ehidden%25253Db%2525253A1%25255Ewidth%25253Dn%2525253A100%255Eo%25253Aid%25253Ds%2525253Ah43%25255Ehidden%25253Db%2525253A1%25255Ewidth%25253Dn%2525253A100%255Eo%25253Aid%25253Ds%2525253Ah44%25255Ehidden%25253Db%2525253A1%25255Ewidth%25253Dn%2525253A100%255Eo%25253Aid%25253Ds%2525253Ah45%25255Ehidden%25253Db%2525253A1%25255Ewidth%25253Dn%2525253A100%255Eo%25253Aid%25253Ds%2525253Ah46%25255Ehidden%25253Db%2525253A1%25255Ewidth%25253Dn%2525253A100"
            }],
            "title": "Forwarder (Do Not Delete)",
            "type": "ResourceList"
         },
         {
            "collapsed": false,
            "config": {
               "boxColumns": 4,
               "boxHeight": null,
               "customFilter": {
                  "excludedResources": null,
                  "filter": [],
                  "includedResources": null
               },
               "depth": 1,
               "labelSize": 16,
               "maxCellCount": 100,
               "metric": {
                  "mode": "resourceKind",
                  "resourceKindMetrics": [
                     {
                        "colorMethod": 2,
                        "id": "extModel75582-1",
                        "isStringMetric": false,
                        "label": "Running Hosts",
                        "link": "",
                        "metricKey": "summary|number_running_hosts",
                        "metricName": "Summary|Number of Running Hosts",
                        "metricUnitId": null,
                        "orangeBound": null,
                        "redBound": null,
                        "resourceKindId": "resourceKind:id:2_::_",
                        "resourceKindName": "Cluster Compute Resource",
                        "unit": null,
                        "yellowBound": null
                     },
                     {
                        "colorMethod": 2,
                        "id": "extModel75582-2",
                        "isStringMetric": false,
                        "label": "Running VMs",
                        "link": "",
                        "metricKey": "summary|number_running_vms",
                        "metricName": "Summary|Number of Running VMs",
                        "metricUnitId": -1,
                        "orangeBound": null,
                        "redBound": null,
                        "resourceKindId": "resourceKind:id:2_::_",
                        "resourceKindName": "Cluster Compute Resource",
                        "unit": "Auto",
                        "yellowBound": null
                     },
                     {
                        "colorMethod": 2,
                        "id": "extModel75582-3",
                        "isStringMetric": false,
                        "label": "Datastores",
                        "link": "",
                        "metricKey": "summary|total_number_datastores",
                        "metricName": "Summary|Total Number of Datastores",
                        "metricUnitId": null,
                        "orangeBound": null,
                        "redBound": null,
                        "resourceKindId": "resourceKind:id:2_::_",
                        "resourceKindName": "Cluster Compute Resource",
                        "unit": null,
                        "yellowBound": null
                     },
                     {
                        "colorMethod": 2,
                        "id": "extModel75582-4",
                        "isStringMetric": false,
                        "label": "VMs per Host",
                        "link": "",
                        "metricKey": "summary|avg_vm_density",
                        "metricName": "Summary|Average Running VM Count per Running Host",
                        "metricUnitId": " : 1",
                        "orangeBound": null,
                        "redBound": null,
                        "resourceKindId": "resourceKind:id:2_::_",
                        "resourceKindName": "Cluster Compute Resource",
                        "unit": " : 1",
                        "yellowBound": null
                     },
                     {
                        "colorMethod": 2,
                        "id": "extModel75582-5",
                        "isStringMetric": false,
                        "label": "Running VMs",
                        "link": "",
                        "metricKey": "summary|number_running_vms",
                        "metricName": "Summary|Number of Running VMs",
                        "metricUnitId": -1,
                        "orangeBound": null,
                        "redBound": null,
                        "resourceKindId": "resourceKind:id:3_::_",
                        "resourceKindName": "Datacenter",
                        "unit": "Auto",
                        "yellowBound": null
                     },
                     {
                        "colorMethod": 2,
                        "id": "extModel75582-6",
                        "isStringMetric": false,
                        "label": "Running Hosts",
                        "link": "",
                        "metricKey": "summary|number_running_hosts",
                        "metricName": "Summary|Number of Running Hosts",
                        "metricUnitId": null,
                        "orangeBound": null,
                        "redBound": null,
                        "resourceKindId": "resourceKind:id:3_::_",
                        "resourceKindName": "Datacenter",
                        "unit": null,
                        "yellowBound": null
                     },
                     {
                        "colorMethod": 2,
                        "id": "extModel75582-7",
                        "isStringMetric": false,
                        "label": "Datastores",
                        "link": "",
                        "metricKey": "summary|total_number_datastores",
                        "metricName": "Summary|Total Number of Datastores",
                        "metricUnitId": null,
                        "orangeBound": null,
                        "redBound": null,
                        "resourceKindId": "resourceKind:id:3_::_",
                        "resourceKindName": "Datacenter",
                        "unit": null,
                        "yellowBound": null
                     },
                     {
                        "colorMethod": 2,
                        "id": "extModel75582-8",
                        "isStringMetric": false,
                        "label": "VMs per Host",
                        "link": "",
                        "metricKey": "summary|avg_vm_density",
                        "metricName": "Summary|Average Running VM Count per Running Host",
                        "metricUnitId": " : 1",
                        "orangeBound": null,
                        "redBound": null,
                        "resourceKindId": "resourceKind:id:3_::_",
                        "resourceKindName": "Datacenter",
                        "unit": " : 1",
                        "yellowBound": null
                     },
                     {
                        "colorMethod": 2,
                        "id": "extModel75582-9",
                        "isStringMetric": false,
                        "label": "Running VMs",
                        "link": "",
                        "metricKey": "summary|number_running_vms",
                        "metricName": "Summary|Number of Running VMs",
                        "metricUnitId": -1,
                        "orangeBound": null,
                        "redBound": null,
                        "resourceKindId": "resourceKind:id:0_::_",
                        "resourceKindName": "vCenter Server",
                        "unit": "Auto",
                        "yellowBound": null
                     },
                     {
                        "colorMethod": 2,
                        "id": "extModel75582-10",
                        "isStringMetric": false,
                        "label": "Running Hosts",
                        "link": "",
                        "metricKey": "summary|number_running_hosts",
                        "metricName": "Summary|Number of Running Hosts",
                        "metricUnitId": null,
                        "orangeBound": null,
                        "redBound": null,
                        "resourceKindId": "resourceKind:id:0_::_",
                        "resourceKindName": "vCenter Server",
                        "unit": null,
                        "yellowBound": null
                     },
                     {
                        "colorMethod": 2,
                        "id": "extModel75582-11",
                        "isStringMetric": false,
                        "label": "Datastores",
                        "link": "",
                        "metricKey": "summary|total_number_datastores",
                        "metricName": "Summary|Total Number of Datastores",
                        "metricUnitId": null,
                        "orangeBound": null,
                        "redBound": null,
                        "resourceKindId": "resourceKind:id:0_::_",
                        "resourceKindName": "vCenter Server",
                        "unit": null,
                        "yellowBound": null
                     },
                     {
                        "colorMethod": 2,
                        "id": "extModel75582-12",
                        "isStringMetric": false,
                        "label": "VMs per Host",
                        "link": "",
                        "metricKey": "summary|avg_vm_density",
                        "metricName": "Summary|Average Running VM Count per Running Host",
                        "metricUnitId": " : 1",
                        "orangeBound": null,
                        "redBound": null,
                        "resourceKindId": "resourceKind:id:0_::_",
                        "resourceKindName": "vCenter Server",
                        "unit": " : 1",
                        "yellowBound": null
                     },
                     {
                        "colorMethod": 2,
                        "id": "extModel110672-1",
                        "isStringMetric": false,
                        "label": "Running VMs",
                        "link": "",
                        "metricKey": "summary|number_running_vms",
                        "metricName": "Summary|Number of Running VMs",
                        "metricUnitId": null,
                        "orangeBound": null,
                        "redBound": null,
                        "resourceKindId": "resourceKind:id:1_::_",
                        "resourceKindName": "vSphere World",
                        "unit": null,
                        "yellowBound": null
                     },
                     {
                        "colorMethod": 2,
                        "id": "extModel110672-2",
                        "isStringMetric": false,
                        "label": "Running Hosts",
                        "link": "",
                        "metricKey": "summary|number_running_hosts",
                        "metricName": "Summary|Number of Running Hosts",
                        "metricUnitId": null,
                        "orangeBound": null,
                        "redBound": null,
                        "resourceKindId": "resourceKind:id:1_::_",
                        "resourceKindName": "vSphere World",
                        "unit": null,
                        "yellowBound": null
                     },
                     {
                        "colorMethod": 2,
                        "id": "extModel110672-3",
                        "isStringMetric": false,
                        "label": "Datastores",
                        "link": "",
                        "metricKey": "summary|total_number_datastores",
                        "metricName": "Summary|Total Number of Datastores",
                        "metricUnitId": null,
                        "orangeBound": null,
                        "redBound": null,
                        "resourceKindId": "resourceKind:id:1_::_",
                        "resourceKindName": "vSphere World",
                        "unit": null,
                        "yellowBound": null
                     },
                     {
                        "colorMethod": 2,
                        "id": "extModel110672-4",
                        "isStringMetric": false,
                        "label": "VMs per Host",
                        "link": "",
                        "metricKey": "summary|avg_vm_density",
                        "metricName": "Summary|Average Running VM Count per Running Host",
                        "metricUnitId": " : 1",
                        "orangeBound": null,
                        "redBound": null,
                        "resourceKindId": "resourceKind:id:1_::_",
                        "resourceKindName": "vSphere World",
                        "unit": " : 1",
                        "yellowBound": null
                     }
                  ],
                  "resourceMetrics": [],
                  "subMode": "resourceKindAll"
               },
               "mode": {"layoutMode": "fixedView"},
               "oldMetricValues": false,
               "periodLength": null,
               "refreshContent": {"refreshContent": false},
               "refreshInterval": 300,
               "relationshipMode": {"relationshipMode": 0},
               "resInteractionMode": null,
               "resource": [],
               "roundDecimals": 0,
               "selfProvider": {"selfProvider": false},
               "showDT": {"showDT": false},
               "showMetricName": {"showMetricName": true},
               "showMetricUnit": {"showMetricUnit": true},
               "showResourceName": {"showResourceName": false},
               "showSparkline": {"showSparkline": false},
               "title": "Inventory",
               "valueSize": 24,
               "visualTheme": 5
            },
            "gridsterCoords": {
               "h": 3,
               "w": 6,
               "x": 7,
               "y": 1
            },
            "height": 153,
            "id": "b6cf8b57-0c8a-41ba-a7f4-8d62d87c2cb1",
            "title": "Inventory",
            "type": "Scoreboard"
         },
         {
            "collapsed": false,
            "config": {
               "alertAction": [
                  "yes",
                  "no"
               ],
               "alertImpact": ["health"],
               "criticalityLevel": [
                  3,
                  4
               ],
               "customFilter": {
                  "excludedResources": null,
                  "filter": [],
                  "includedResources": null
               },
               "depth": 3,
               "filterMode": "tagPicker",
               "mode": "all",
               "refreshContent": {"refreshContent": false},
               "refreshInterval": 300,
               "relationshipMode": {"relationshipMode": [
                  -1,
                  0
               ]},
               "resource": [],
               "selfProvider": {"selfProvider": false},
               "state": [],
               "status": [0],
               "tagFilter": null,
               "title": "Active Performance Alerts",
               "type": [
                  "15_18",
                  "15_19",
                  "15_22",
                  "16_18",
                  "16_19",
                  "16_22",
                  "17_18",
                  "17_19",
                  "17_22",
                  "18_18",
                  "18_19",
                  "18_22",
                  "19_18",
                  "19_19",
                  "19_22"
               ]
            },
            "gridsterCoords": {
               "h": 6,
               "w": 6,
               "x": 7,
               "y": 4
            },
            "height": 324,
            "id": "e97c763a-de28-46c0-9dd2-b2fd554cce76",
            "title": "Active Performance Alerts",
            "type": "AlertList"
         }
      ]
   }],
   "entries": {
      "resource": [{
         "adapterKindKey": "VMWARE",
         "identifiers": [],
         "internalId": "resource:id:0_::_",
         "name": "vSphere World",
         "resourceKindKey": "vSphere World"
      }],
      "resourceKind": [
         {
            "adapterKindKey": "VMWARE",
            "internalId": "resourceKind:id:3_::_",
            "resourceKindKey": "Datacenter"
         },
         {
            "adapterKindKey": "VMWARE",
            "internalId": "resourceKind:id:0_::_",
            "resourceKindKey": "VMwareAdapter Instance"
         },
         {
            "adapterKindKey": "VMWARE",
            "internalId": "resourceKind:id:2_::_",
            "resourceKindKey": "ClusterComputeResource"
         },
         {
            "adapterKindKey": "VMWARE",
            "internalId": "resourceKind:id:1_::_",
            "resourceKindKey": "vSphere World"
         }
      ]
   },
   "uuid": "1388a326-638f-4d6f-9afc-058c5023f365"
}